Title,Prices,Ratings
"Samsung Galaxy M14 5G (ICY Silver,6GB,128GB)|50MP Triple Cam|Segment's Only 6000 mAh 5G SP|5nm Processor|2 Gen. OS Upgrade & 4 Year Security Update|12GB RAM with RAM Plus|Android 13|Without Charger","13,990.",4.0 out of 5 stars
"Samsung Galaxy M14 5G (Smoky Teal,6GB,128GB)|50MP Triple Cam|Segment's Only 6000 mAh 5G SP|5nm Processor|2 Gen. OS Upgrade & 4 Year Security Update|12GB RAM with RAM Plus|Android 13|Without Charger","12,490.",4.0 out of 5 stars
"Samsung Galaxy M14 5G (Berry Blue,6GB,128GB)|50MP Triple Cam|Segment's Only 6000 mAh 5G SP|5nm Processor|2 Gen. OS Upgrade & 4 Year Security Update|12GB RAM with RAM Plus|Android 13|Without Charger","13,990.",4.0 out of 5 stars
"Samsung Galaxy M14 5G (Berry Blue,4GB,128GB)|50MP Triple Cam|Segment's Only 6000 mAh 5G SP|5nm Processor|2 Gen. OS Upgrade & 4 Year Security Update|12GB RAM with RAM Plus|Android 13|Without Charger","12,490.",4.0 out of 5 stars
"Samsung Galaxy M14 5G (Smoky Teal,4GB,128GB)|50MP Triple Cam|Segment's Only 6000 mAh 5G SP|5nm Processor|2 Gen. OS Upgrade & 4 Year Security Update|12GB RAM with RAM Plus|Android 13|Without Charger","12,490.",4.0 out of 5 stars
"Samsung Galaxy M34 5G (Prism Silver,6GB,128GB)|120Hz sAMOLED Display|50MP Triple No Shake Cam|6000 mAh Battery|4 Gen OS Upgrade & 5 Year Security Update|12GB RAM with RAM+|Android 13|Without Charger","15,999.",4.0 out of 5 stars
"Samsung Galaxy M34 5G (Midnight Blue,6GB,128GB)|120Hz sAMOLED Display|50MP Triple No Shake Cam|6000 mAh Battery|4 Gen OS Upgrade & 5 Year Security Update|12GB RAM with RAM+|Android 13|Without Charger","15,999.",4.0 out of 5 stars
"Samsung Galaxy M34 5G (Waterfall Blue,6GB,128GB)|120Hz sAMOLED Display|50MP Triple No Shake Cam|6000 mAh Battery|4 Gen OS Upgrade & 5 Year Security Update|12GB RAM with RAM+|Android 13|Without Charger","15,999.",4.0 out of 5 stars
"Samsung Galaxy M13 (Midnight Blue, 4GB, 64GB Storage) | 6000mAh Battery | Upto 8GB RAM with RAM Plus","9,999.",4.1 out of 5 stars
"Samsung Galaxy M14 4G (Sapphire Blue,4GB,64GB) | 50MP Triple Cam | 5000mAh Battery | Snapdragon 680 Processor | 2 Gen. OS Upgrade & 4 Year Security Update | 8GB RAM with RAM Plus | Without Charger","8,999.",4.1 out of 5 stars
"Samsung Galaxy M14 4G (Arctic Blue,4GB,64GB) | 50MP Triple Cam | 5000mAh Battery | Snapdragon 680 Processor | 2 Gen. OS Upgrade & 4 Year Security Update | 8GB RAM with RAM Plus | Without Charger","8,999.",4.1 out of 5 stars
Samsung Galaxy F54 5G (Meteor Blue) (256 GB ROM) (8 GB RAM),"24,358.",3.7 out of 5 stars
"Samsung Galaxy M34 5G (Prism Silver,8GB,128GB)|120Hz sAMOLED Display|50MP Triple No Shake Cam|6000 mAh Battery|4 Gen OS Upgrade & 5 Year Security Update|16GB RAM with RAM+|Android 13|Without Charger","17,999.",4.0 out of 5 stars
"Samsung Galaxy M34 5G (Prism Silver,8GB,256GB)|120Hz sAMOLED Display|50MP Triple No Shake Cam|6000 mAh Battery|4 Gen OS Upgrade & 5 Year Security Update|16GB RAM with RAM+|Android 13|Without Charger","19,999.",4.0 out of 5 stars
"Samsung Galaxy M34 5G (Waterfall Blue,8GB,128GB)|120Hz sAMOLED Display|50MP Triple No Shake Cam|6000 mAh Battery|4 Gen OS Upgrade & 5 Year Security Update|16GB RAM with RAM+|Android 13|Without Charger","17,999.",4.0 out of 5 stars
"Samsung Galaxy S22 5G (Green, 8GB, 128GB Storage) with No Cost EMI/Additional Exchange Offers","37,299.",4.3 out of 5 stars
"Samsung Galaxy F54 5G (Stardust Silver, 256 GB) (8 GB RAM)","25,499.",3.9 out of 5 stars
"Samsung Galaxy A34 5G (Awesome Violet, 8GB, 256GB Storage) | 48 MP No Shake Cam (OIS) | IP67 | Gorilla Glass 5 | Voice Focus | Travel Adapter to be Purchased Separately","26,499.",4.1 out of 5 stars
"Samsung Galaxy M04 Dark Blue, 4GB RAM, 128GB Storage | Upto 8GB RAM with RAM Plus | MediaTek Helio P35 Octa-core Processor | 5000 mAh Battery | 13MP Dual Camera","8,999.",3.9 out of 5 stars
"Samsung Galaxy S20 FE 5G (Cloud Navy, 8GB RAM, 128GB Storage) with No Cost EMI & Additional Exchange Offers","26,475.",4.2 out of 5 stars
"Samsung Galaxy A15 5G (Blue, 8GB, 128GB Storage) | 50 MP Main Camera | Android 14 with One UI 6.0 | 16GB Expandable RAM | MediaTek Dimensity 6100+ | 5000 mAh Battery","19,499.",3.7 out of 5 stars
"Samsung Galaxy A14 5G (Dark Red, 6GB, 128GB Storage) | Triple Rear Camera (50 MP Main) | Upto 12 GB RAM with RAM Plus | Without Charger","15,999.",3.9 out of 5 stars
SAMSUNG Galaxy F14 5G 6GB RAM 128GB Storage (Goat Green),"12,289.",3.7 out of 5 stars
"Samsung Galaxy A34 5G (Awesome Graphite, 8GB, 256GB Storage) | 48 MP No Shake Cam (OIS) | IP67 | Gorilla Glass 5 | Voice Focus | Travel Adapter to be Purchased Separately","26,499.",4.1 out of 5 stars
"Samsung F14 5G (OMG Black, 6GB RAM, 128GB Storage)","11,490.",4.0 out of 5 stars
"Samsung Galaxy M13 (Stardust Brown, 4GB, 64GB Storage) | 6000mAh Battery | Upto 8GB RAM with RAM Plus","9,999.",4.1 out of 5 stars
"Samsung Galaxy A34 5G (Awesome Graphite, 8GB, 128GB Storage) | 48 MP No Shake Cam (OIS) | IP67 | Gorilla Glass 5 | Voice Focus | Without Charger","24,499.",4.1 out of 5 stars
"Samsung F14 5G (G.O.A.T. Green, 4GB RAM, 128GB Storage)","11,490.",4.0 out of 5 stars
"Samsung Galaxy A15 5G (Light Blue, 6GB, 128GB Storage) | 50 MP Main Camera | Android 14 with One UI 6.0 | 12GB Expandable RAM | MediaTek Dimensity 6100+ | 5000 mAh Battery","17,999.",3.7 out of 5 stars
"Samsung Galaxy A34 5G (Awesome Violet, 8GB, 128GB Storage) | 48 MP No Shake Cam (OIS) | IP67 | Gorilla Glass 5 | Voice Focus | Without Charger","24,499.",4.1 out of 5 stars
"Samsung Galaxy A14 5G (Black, 6GB, 128GB Storage) | Triple Rear Camera (50 MP Main) | Upto 12 GB RAM with RAM Plus | Without Charger","15,999.",3.9 out of 5 stars
"Samsung Galaxy A15 5G (Blue, 6GB, 128GB Storage) | 50 MP Main Camera | Android 14 with One UI 6.0 | 12GB Expandable RAM | MediaTek Dimensity 6100+ | 5000 mAh Battery","17,999.",3.7 out of 5 stars
"Samsung Galaxy A35 5G (Awesome Lilac, 8GB RAM, 128GB Storage) | Premium Glass Back | 50 MP Main Camera (OIS) | Nightography | IP67 | Corning Gorilla Glass Victus+ | sAMOLED with Vision Booster","30,999.",3.2 out of 5 stars
"Samsung Galaxy A35 5G (Awesome Iceblue, 8GB RAM, 128GB Storage) | Premium Glass Back | 50 MP Main Camera (OIS) | Nightography | IP67 | Corning Gorilla Glass Victus+ | sAMOLED with Vision Booster","30,999.",3.2 out of 5 stars
"Samsung Galaxy A15 5G (Light Blue, 8GB, 128GB Storage) | 50 MP Main Camera | Android 14 with One UI 6.0 | 16GB Expandable RAM | MediaTek Dimensity 6100+ | 5000 mAh Battery","19,499.",3.7 out of 5 stars
"Samsung Galaxy S24 5G AI Smartphone (Onyx Black, 8GB, 256GB Storage)","79,999.",3.9 out of 5 stars
"Samsung Galaxy S23 5G AI Smartphone (Green, 8GB, 256GB Storage)","69,999.",4.5 out of 5 stars
"Samsung Galaxy A54 5G (Awesome Graphite, 8GB, 256GB Storage) | 50 MP No Shake Cam (OIS) | IP67 | Gorilla Glass 5 | Voice Focus | Without Charger","35,499.",4.1 out of 5 stars
"Samsung Galaxy A14 5G (Light Green, 6GB, 128GB Storage) | Triple Rear Camera (50 MP Main) | Upto 12 GB RAM with RAM Plus | Without Charger","15,999.",3.9 out of 5 stars
"Samsung Galaxy A14 5G (Dark Red, 4GB, 64GB Storage) | Triple Rear Camera (50 MP Main) | Upto 16 GB RAM with RAM Plus | Without Charger","12,499.",3.9 out of 5 stars
"Samsung Galaxy M14 4G (Arctic Blue,6GB,128GB) | 50MP Triple Cam | 5000mAh Battery | Snapdragon 680 Processor | 2 Gen. OS Upgrade & 4 Year Security Update | 12GB RAM with RAM Plus | Without Charger","11,999.",4.1 out of 5 stars
"Samsung Galaxy S24 5G AI Smartphone (Amber Yellow, 8GB, 256GB Storage)","79,999.",3.9 out of 5 stars
"Samsung Galaxy A35 5G (Awesome Iceblue, 8GB RAM, 256GB Storage) | Premium Glass Back | 50 MP Main Camera (OIS) | Nightography | IP67 | Corning Gorilla Glass Victus+ | sAMOLED with Vision Booster","33,999.",3.2 out of 5 stars
"Samsung Galaxy S22 5G (Phantom White, 8GB RAM, 128GB Storage) with No Cost EMI/Additional Exchange Offers","38,799.",4.3 out of 5 stars
Samsung Galaxy F04 4GB 64GB Jade Purple,"7,990.",3.8 out of 5 stars
Samsung Galaxy S21 FE 5G (2023) (8GB 256GB Graphite) with Snapdragon 888,"38,750.",3.8 out of 5 stars
"Samsung Galaxy A55 5G (Awesome Iceblue, 8GB RAM, 256GB Storage) | Metal Frame | 50 MP Main Camera (OIS) | Nightography | IP67 | Corning Gorilla Glass Victus+ | sAMOLED with Vision Booster","42,999.",3.3 out of 5 stars
"Samsung Galaxy M14 4G (Sapphire Blue,6GB,128GB) | 50MP Triple Cam | 5000mAh Battery | Snapdragon 680 Processor | 2 Gen. OS Upgrade & 4 Year Security Update | 12GB RAM with RAM Plus | Without Charger","11,999.",4.1 out of 5 stars
"Samsung Galaxy S23 5G AI Smartphone (Phantom Black, 8GB, 256GB Storage)","69,999.",4.5 out of 5 stars
"Samsung Galaxy S24 Ultra 5G AI Smartphone (Titanium Gray, 12GB, 256GB Storage)","1,29,999.",4.3 out of 5 stars
"Samsung Galaxy A34 5G (Awesome Silver, 8GB, 128GB Storage) | 48 MP No Shake Cam (OIS) | IP67 | Gorilla Glass 5 | Voice Focus | Without Charger","24,499.",4.1 out of 5 stars
"Samsung Galaxy S24 5G AI Smartphone (Cobalt Violet, 8GB, 256GB Storage)","79,999.",3.9 out of 5 stars
SAMSUNG Galaxy F15 5G 6GB RAM 128GB Storage (Ash Black),"15,380.",1.0 out of 5 stars
"Samsung Galaxy A15 5G (Blue Black, 8GB, 256GB Storage) | 50 MP Main Camera | Android 14 with One UI 6.0 | 16GB Expandable RAM | MediaTek Dimensity 6100+ | 5000 mAh Battery","22,499.",3.7 out of 5 stars
"Samsung Galaxy S20 FE 5G (Cloud Mint, 8GB RAM, 128GB Storage)","28,999.",4.2 out of 5 stars
"Samsung Galaxy S24 Ultra 5G AI Smartphone (Titanium Black, 12GB, 512GB Storage)","1,39,999.",4.3 out of 5 stars
"Samsung Galaxy A55 5G (Awesome Iceblue, 8GB RAM, 128GB Storage) | Metal Frame | 50 MP Main Camera (OIS) | Nightography | IP67 | Corning Gorilla Glass Victus+ | sAMOLED with Vision Booster","39,999.",3.0 out of 5 stars
"Samsung Galaxy A55 5G (Awesome Iceblue, 12GB RAM, 256GB Storage) | Metal Frame | 50 MP Main Camera (OIS) | Nightography | IP67 | Corning Gorilla Glass Victus+ | sAMOLED with Vision Booster","45,999.",3.3 out of 5 stars
"Samsung Galaxy A35 5G (Awesome Navy, 8GB RAM, 128GB Storage) | Premium Glass Back | 50 MP Main Camera (OIS) | Nightography | IP67 | Corning Gorilla Glass Victus+ | sAMOLED with Vision Booster","30,999.",3.2 out of 5 stars
"Samsung Galaxy S23 Ultra 5G AI Smartphone (Green, 12GB, 256GB Storage)","1,09,999.",4.5 out of 5 stars
"Samsung Galaxy A05 (Silver, 4GB, 64GB Storage) | 50 MP Main Camera | Upto 8GB RAM with RAM Plus | MediaTek Helio G85 | 5000 mAh Battery","8,699.",3.6 out of 5 stars
"Samsung Galaxy A35 5G (Awesome Navy, 8GB RAM, 256GB Storage) | Premium Glass Back | 50 MP Main Camera (OIS) | Nightography | IP67 | Corning Gorilla Glass Victus+ | sAMOLED with Vision Booster","33,999.",3.2 out of 5 stars
"Samsung Galaxy A34 5G (Awesome Lime, 8GB, 256GB Storage) | 48 MP No Shake Cam (OIS) | IP67 | Gorilla Glass 5 | Voice Focus | Without Charger","26,499.",4.1 out of 5 stars
"Samsung Galaxy A35 5G (Awesome Lilac, 8GB RAM, 256GB Storage) | Premium Glass Back | 50 MP Main Camera (OIS) | Nightography | IP67 | Corning Gorilla Glass Victus+ | sAMOLED with Vision Booster","33,999.",3.2 out of 5 stars
"Samsung Galaxy S22 5G (Phantom Black, 8GB, 128GB Storage) with No Cost EMI/Additional Exchange Offers","38,930.",4.3 out of 5 stars
"Samsung Galaxy S22 Ultra 5G (Green, 12GB, 256GB Storage) with No Cost EMI/Additional Exchange Offers","77,999.",4.4 out of 5 stars
"Samsung Galaxy A54 5G (Awesome Violet, 8GB, 256GB Storage) | 50 MP No Shake Cam (OIS) | IP67 | Gorilla Glass 5 | Voice Focus | Without Charger","35,499.",4.1 out of 5 stars
"Samsung Galaxy S23 5G AI Smartphone (Lavender, 8GB, 256GB Storage)","69,999.",4.5 out of 5 stars
"Samsung F14 5G (O.M.G. Black, 4GB RAM, 128GB Storage)","11,186.",4.0 out of 5 stars
"Samsung Galaxy S24 Ultra 5G AI Smartphone (Titanium Violet, 12GB, 256GB Storage)","1,29,999.",4.3 out of 5 stars
SAMSUNG Galaxy F15 5G 6GB RAM 128GB Storage (Groovy Violet),"15,990.",1.0 out of 5 stars
"Samsung Galaxy A15 5G (Blue, 8GB, 256GB Storage) | 50 MP Main Camera | Android 14 with One UI 6.0 | 16GB Expandable RAM | MediaTek Dimensity 6100+ | 5000 mAh Battery","22,499.",3.7 out of 5 stars
"Samsung Galaxy A14 5G (Light Green, 4GB, 64GB Storage) | Triple Rear Camera (50 MP Main) | Upto 8 GB RAM with RAM Plus | Without Charger","13,499.",3.9 out of 5 stars
"Samsung Galaxy A05 (Black, 4GB, 64GB Storage) | 50 MP Main Camera | Upto 8GB RAM with RAM Plus | MediaTek Helio G85 | 5000 mAh Battery","8,699.",3.6 out of 5 stars
"Samsung Galaxy A05s (Light Violet, 4GB, 128GB Storage) | 50 MP Main Camera | Upto 8GB RAM with RAM Plus | Snapdragon 680 | 5000 mAh Battery","11,499.",3.8 out of 5 stars
"Samsung Galaxy A34 5G (Awesome Lime, 8GB, 128GB Storage) | 48 MP No Shake Cam (OIS) | IP67 | Gorilla Glass 5 | Voice Focus | Without Charger","24,499.",4.1 out of 5 stars
"Samsung Galaxy M52 5G (ICY Blue, 8GB RAM, 128GB Storage) Latest Snapdragon 778G 5G | sAMOLED 120Hz Display","23,998.",4.2 out of 5 stars
"Samsung Galaxy S24 Ultra 5G AI Smartphone (Titanium Gray, 12GB, 512GB Storage)","1,39,999.",4.3 out of 5 stars
"Samsung Galaxy A55 5G (Awesome Navy, 8GB RAM, 256GB Storage) | Metal Frame | 50 MP Main Camera (OIS) | Nightography | IP67 | Corning Gorilla Glass Victus+ | sAMOLED with Vision Booster","42,999.",3.3 out of 5 stars
"Samsung Galaxy S23 5G (Cream, 8GB Ram, 256GB Storage)","58,120.",4.2 out of 5 stars
SAMSUNG F34 5G (Storage 128GB) (6GB RAM) (Mystic Green),"15,989.",2.8 out of 5 stars
"Samsung Galaxy S23 5G (Green, 8GB Ram, 256GB Storage)","58,300.",4.0 out of 5 stars
Samsung Galaxy S23 5G Smartphone 256 GB 15.5 cm (6.1 inch) Phantom Black,"58,900.",4.4 out of 5 stars
"Samsung Galaxy S23 Ultra 5G (Green, 12GB, 256GB Storage)","93,150.",4.4 out of 5 stars
"Samsung Galaxy S24 Ultra 5G AI Smartphone (Titanium Black, 12GB, 256GB Storage)","1,25,999.",4.3 out of 5 stars
"Samsung Galaxy A14 5G (Black, 8GB, 128GB Storage) | Triple Rear Camera (50 MP Main) | Upto 16 GB RAM with RAM Plus | Without Charger","16,990.",3.9 out of 5 stars
"Samsung Galaxy A15 5G (Light Blue, 8GB, 256GB Storage) | 50 MP Main Camera | Android 14 with One UI 6.0 | 16GB Expandable RAM | MediaTek Dimensity 6100+ | 5000 mAh Battery","22,499.",3.7 out of 5 stars
"Samsung Galaxy A54 5G (Awesome Violet, 8GB, 128GB Storage) | 50 MP No Shake Cam (OIS) | IP67 | Gorilla Glass 5 | Voice Focus | Travel Adapter to be Purchased Separately","33,499.",4.1 out of 5 stars
"Samsung Galaxy A55 5G (Awesome Navy, 12GB RAM, 256GB Storage) | Metal Frame | 50 MP Main Camera (OIS) | Nightography | IP67 | Corning Gorilla Glass Victus+ | sAMOLED with Vision Booster","45,999.",3.3 out of 5 stars
SAMSUNG Galaxy S23 FE 5G (Purple 128 GB Storage) (8 GB RAM),"53,999.",3.5 out of 5 stars
"Samsung Galaxy A33 5G (Awesome Peach, 6GB, 128GB Storage) | 48 MP No Shake Cam | Voice Focus | Upto 12 GB RAM with RAM Plus | Travel Adapter to be Purchased Separately","20,290.",4.0 out of 5 stars
SAMSUNG Galaxy S23 FE 5G (Graphite 128 GB Storage) (8 GB RAM),"53,999.",3.5 out of 5 stars
"Samsung Galaxy S23 5G AI Smartphone (Cream, 8GB, 256GB Storage)","69,999.",4.5 out of 5 stars
"Samsung Galaxy S23 5G AI Smartphone (Phantom Black, 8GB, 128GB Storage)","64,999.",4.5 out of 5 stars
"Samsung Galaxy S23 Ultra 5G (Phantom Black, 12GB, 256GB Storage)","93,990.",4.2 out of 5 stars
"Samsung Galaxy A05 (Light Green, 4GB, 64GB Storage) | 50 MP Main Camera | Upto 8GB RAM with RAM Plus | MediaTek Helio G85 | 5000 mAh Battery","8,699.",3.6 out of 5 stars
"Samsung Galaxy M30s (Blue, 4GB RAM, 64GB Storage)","14,999.",4.2 out of 5 stars
SAMSUNG Galaxy S23 FE 5G (Mint 128 GB Storage) (8 GB RAM),"53,999.",3.5 out of 5 stars
"Samsung Galaxy A03s (Black, 3GB RAM, 32GB Storage) with No Cost EMI/Additional Exchange Offers","6,999.",3.7 out of 5 stars
"Samsung Galaxy A54 5G (Awesome Lime, 8GB, 256GB Storage) | 50 MP No Shake Cam (OIS) | IP67 | Gorilla Glass 5 | Voice Focus | Without Charger","35,499.",4.1 out of 5 stars
"Samsung Galaxy A23 5G, Light Blue (6GB, 128GB Storage) with Offer","20,999.",3.9 out of 5 stars
"Samsung Galaxy S24 Ultra 5G AI Smartphone (Titanium Gray, 12GB, 1TB Storage)","1,59,999.",4.3 out of 5 stars
"Samsung Galaxy S23 5G AI Smartphone (Green, 8GB, 128GB Storage)","64,999.",4.5 out of 5 stars
SAMSUNG Galaxy F15 5G 6GB RAM 128GB Storage (Jazzy Green),"15,920.",1.0 out of 5 stars
"Samsung Galaxy S23 5G AI Smartphone (Lavender, 8GB, 128GB Storage)","64,999.",4.5 out of 5 stars
"Samsung Galaxy A14 5G (Light Green, 8GB, 128GB Storage) | Triple Rear Camera (50 MP Main) | Upto 16 GB RAM with RAM Plus | Without Charger","17,999.",3.9 out of 5 stars
"Samsung Galaxy A23 5G, Light Blue (8GB, 128GB Storage) with Offer","22,999.",3.9 out of 5 stars
"(Refurbished) Samsung Galaxy S21 FE 5G (Lavender, 8GB, 128GB Storage)","27,899.",3.5 out of 5 stars
"Samsung Galaxy S23 Ultra 5G AI Smartphone (Cream, 12GB, 256GB Storage)","1,09,999.",4.5 out of 5 stars
"Samsung Galaxy Z Fold5 5G AI Smartphone (Black, 12GB RAM, 512GB Storage)","1,64,999.",4.1 out of 5 stars
"Samsung Galaxy S24 Ultra 5G AI Smartphone (Titanium Violet, 12GB, 512GB Storage)","1,39,999.",4.3 out of 5 stars
"Samsung Galaxy Z Flip5 5G AI Smartphone (Mint, 8GB RAM, 256GB Storage)","99,999.",4.1 out of 5 stars
"Samsung Galaxy A05s (Black, 4GB, 128GB Storage) | 50 MP Main Camera | Upto 8GB RAM with RAM Plus | Snapdragon 680 | 5000 mAh Battery","11,499.",3.8 out of 5 stars
"(Refurbished) Samsung Galaxy S20 FE (Cloud Navy, 8GB RAM, 128GB Storage)","21,499.",3.6 out of 5 stars
"Samsung Galaxy A05 (Silver, 6GB, 128GB Storage) | 50 MP Main Camera | Upto 12GB RAM with RAM Plus | MediaTek Helio G85 | 5000 mAh Battery","10,999.",3.6 out of 5 stars
"Samsung Galaxy Z Flip5 5G AI Smartphone (Graphite, 8GB RAM, 256GB Storage)","99,999.",4.1 out of 5 stars
"samsung Galaxy A35 5G (Awesome Iceblue, 8GB RAM, 128GB Storage) Without Offer","27,999.",3.2 out of 5 stars
"Samsung Galaxy S23 Ultra 5G (Cream, 12GB, 256GB Storage)","92,690.",4.3 out of 5 stars
SAMSUNG Galaxy S23 FE 5G (Purple 256 GB Storage) (8 GB RAM),"58,999.",3.5 out of 5 stars
"samsung Galaxy A35 5G (Awesome Lilac, 8GB RAM, 128GB Storage) Without Offer","28,629.",3.2 out of 5 stars
SAMSUNG F34 5G (Storage 128GB) (6GB RAM) (Electric Black),"16,799.",2.8 out of 5 stars
Samsung Galaxy S21 FE 5G (2023) (8GB 256GB Olive) with Snapdragon 888,"26,475.",3.9 out of 5 stars
"Samsung Galaxy M52 5G (Blazing Black, 6GB RAM, 128GB Storage) Latest Snapdragon 778G 5G | sAMOLED 120Hz Display","22,999.",4.2 out of 5 stars
"Samsung Galaxy A05 (Light Green, 6GB, 128GB Storage) | 50 MP Main Camera | Upto 12GB RAM with RAM Plus | MediaTek Helio G85 | 5000 mAh Battery","10,999.",3.6 out of 5 stars
"Samsung Galaxy A25 5G (Blue Black, 8GB, 128GB Storage) | 50 MP Main Camera | Android 14 with One UI 6.0 | 16GB Expandable RAM | Exynos 1280 | 5000 mAh Battery","26,999.",3.4 out of 5 stars
"Samsung Galaxy A05 (Black, 6GB, 128GB Storage) | 50 MP Main Camera | Upto 12GB RAM with RAM Plus | MediaTek Helio G85 | 5000 mAh Battery","10,999.",3.6 out of 5 stars
"Ssmsung Galaxy F34 5G (Electric Black, 8 GB RAM, 128 GB Storage) | 50 MP No Shake Camera | Auto Night Mode | 120 Hz AMOLED Display | 4K Videos | 6000 mAh Large Battery | Dolby Atmos | Gorilla Glass 5","17,990.",4.2 out of 5 stars
"Samsung Galaxy F34 5G (Mistic Green, 8 GB RAM, 128 GB Storage) | 50 MP No Shake Camera | Auto Night Mode | 120 Hz AMOLED Display | 4K Videos | 6000 mAh Large Battery | Dolby Atmos | Gorilla Glass 5","17,999.",4.2 out of 5 stars
"Samsung Galaxy A05s (Black, 6GB, 128GB Storage) | 50 MP Main Camera | Upto 12GB RAM with RAM Plus | Snapdragon 680 | 5000 mAh Battery","12,999.",3.8 out of 5 stars
"Samsung Galaxy M53 5G (Deep Ocean Blue, 8GB, 128GB Storage) | 108MP | sAmoled+ 120Hz | 16GB RAM with RAM Plus | Without Charger","27,999.",4.0 out of 5 stars
"Samsung Galaxy F23 5G (Forest Green, 6GB, 128GB Storage) | Travel Adapter to be Purchased Separately","17,449.",4.0 out of 5 stars
"Samsung Galaxy S24 Plus 5G AI Smartphone (Onyx Black, 12GB, 256GB Storage)","99,999.",3.5 out of 5 stars
"Samsung Galaxy A25 5G (Blue Black, 8GB, 256GB Storage) | 50 MP Main Camera | Android 14 with One UI 6.0 | 16GB Expandable RAM | Exynos 1280 | 5000 mAh Battery","29,999.",4.0 out of 5 stars
"Samsung Galaxy A23 5G, Silver (8GB, 128GB Storage) with Offer","22,999.",3.9 out of 5 stars
"Samsung Galaxy A14 Silver, 4GB RAM, 64GB Storage","11,999.",3.6 out of 5 stars
"Samsung Galaxy A54 5G (Awesome Lime, 8GB, 128GB Storage) | 50 MP No Shake Cam (OIS) | IP67 | Gorilla Glass 5 | Voice Focus | Travel Adapter to be Purchased Separately","33,499.",4.1 out of 5 stars
"Samsung Galaxy S23 5G AI Smartphone (Cream, 8GB, 128GB Storage)","64,999.",4.5 out of 5 stars
"SAMSUNG Galaxy M34 5G (6GB,128GB)|120Hz sAMOLED Display|50MP Triple No Shake Cam|6000 mAh Battery|12GB RAM with RAM+|Android 13|Without Charger (Prism Silver)","15,999.",4.0 out of 5 stars
"Samsung Galaxy S20 FE 5G (Cloud Lavender, 8GB RAM, 128GB Storage) with No Cost EMI & Additional Exchange Offers","28,999.",4.2 out of 5 stars
"samsung Galaxy A35 5G (Awesome Navy, 8GB RAM, 128GB Storage) Without Offer","28,960.",3.2 out of 5 stars
"Samsung Galaxy S24 Plus 5G AI Smartphone (Cobalt Violet, 12GB, 256GB Storage)","99,999.",3.5 out of 5 stars
"Samsung Galaxy S23 Ultra 5G AI Smartphone (Phantom Black, 12GB, 512GB Storage)","1,19,999.",4.5 out of 5 stars
"Samsung Galaxy A14 5G (Dark Red, 6GB RAM, 128GB Storage) | Expandable Memory up to 1TB | Triple Rear Camera (50 MP Main) | Upto 12 GB RAM with RAM Plus | Side-Mounted Fingerprint | Without Charger","14,889.",Previous page
"(Refurbished) Samsung Galaxy S21 FE 5G (Graphite, 8GB, 128GB Storage)","27,899.",3.5 out of 5 stars
"Samsung Galaxy A04s (Green, 4GB RAM, 64GB Storage)","10,000.",1.0 out of 5 stars
"Samsung F13 (Waterfall Blue, 4GB RAM, 128GB Storage) | Expandable Upto 1 TB | 50MP + 5MP + 2MP | 8MP Front Camera | Exynos 850 Processor | 6000 mAh Lithium Ion Battery | 6.6"" FHD+ Dewdrop Display","10,990.",2.9 out of 5 stars
"Samsung Galaxy F34 5G (Orchid Violet, 6 GB RAM, 128 GB Storage) | 50 MP No Shake Camera | Auto Night Mode | 120 Hz AMOLED Display | 4K Videos | 6000 mAh Large Battery | Dolby Atmos | Gorilla Glass 5","16,499.",4.2 out of 5 stars
"Samsung Galaxy A04s (Green, 4GB RAM, 64GB Storage)","10,999.",4.4 out of 5 stars
"Samsung Galaxy Z Flip5 5G AI Smartphone (Mint, 8GB RAM, 512GB Storage)","1,09,999.",4.1 out of 5 stars
"Samsung Galaxy S23 Ultra 5G AI Smartphone (Green, 12GB, 512GB Storage)","1,19,999.",4.5 out of 5 stars
"(Refurbished) Samsung Galaxy A14 5G (Dark Red, 6GB, 128GB Storage) | Triple Rear Camera (50 MP Main) | Upto 12 GB RAM with RAM Plus | Travel Adapter to be Purchased Separately","14,736.",3.8 out of 5 stars
"SAMSUNG Galaxy S23 Ultra 5G (12GB Ram, 512GB Storage) (Phantom Black)","1,02,999.",4.6 out of 5 stars
"Samsung Galaxy A25 5G (Blue, 8GB, 256GB Storage) | 50 MP Main Camera | Android 14 with One UI 6.0 | 16GB Expandable RAM | Exynos 1280 | 5000 mAh Battery","29,999.",4.0 out of 5 stars
"Samsung Galaxy S22 Ultra 5G (Burgundy, 12GB, 512GB Storage) with No Cost EMI/Additional Exchange Offers","87,999.",4.4 out of 5 stars
"Samsung Galaxy M13 5G (Midnight Blue, 6GB, 128GB Storage) | 5000mAh Battery | Upto 12GB RAM with RAM Plus","18,999.",4.1 out of 5 stars
"samsung Galaxy A55 5G (Awesome Iceblue, 8GB RAM, 128GB Storage) Without Offer","38,980.",1.0 out of 5 stars
"(Refurbished) Samsung Galaxy S21 FE 5G (Olive, 8GB, 128GB Storage)","27,899.",3.5 out of 5 stars
"(Refurbished) Samsung Galaxy A34 5G (Awesome Violet, 8GB, 128GB Storage) | 48 MP No Shake Cam (OIS) | IP67 | Gorilla Glass 5 | Voice Focus | Without Charger","20,398.",3.0 out of 5 stars
"Samsung Galaxy A14 Black, 4GB RAM, 4GB Storage","11,999.",3.6 out of 5 stars
"Samsung Galaxy Z Flip5 5G AI Smartphone (Cream, 8GB RAM, 256GB Storage)","99,999.",4.1 out of 5 stars
"(Refurbished) Samsung Galaxy M31 (Space Black, 6GB RAM, 128GB Storage)","10,590.",3.0 out of 5 stars
"Samsung Galaxy F42 5G (Matte Aqua, 128 GB) (8 GB RAM) 5000 Mah Battery 64MP + 5MP + 2MP Camera 90Hz Refresh Rate","17,750.",3.9 out of 5 stars
"Samsung Galaxy S24 Plus 5G AI Smartphone (Cobalt Violet, 12GB, 512GB Storage)","1,09,999.",3.5 out of 5 stars
"Samsung Galaxy A23 5G, Orange (6GB, 128GB Storage) with Offer","20,999.",3.9 out of 5 stars
"Samsung Galaxy S22 Ultra 5G (Phantom Black, 12GB, 512GB Storage) with No Cost EMI/Additional Exchange Offers","87,999.",4.4 out of 5 stars
"Samsung Galaxy M13 5G (Stardust Brown, 4GB, 64GB Storage) | 5000mAh Battery | Upto 8GB RAM with RAM Plus","11,999.",4.1 out of 5 stars
"Samsung Galaxy Z Fold5 5G AI Smartphone (Black, 12GB RAM, 256GB Storage)","1,54,999.",4.1 out of 5 stars
(Refurbished) Samsung Galaxy S21 FE 5G (2023) (8GB 256GB Navy) with Snapdragon 888,"22,523.",Previous page of related Sponsored Products
"(Refurbished) SAMSUNG Galaxy F13 (Sunrise Copper, 4GB RAM 64GB Storage)","11,048.",3.3 out of 5 stars
"Samsung Galaxy A14 5G (Black, 6GB RAM, 128GB Storage) | Expandable Memory up to 1TB | Triple Rear Camera (50 MP Main) | Upto 12 GB RAM with RAM Plus | Side-Mounted Fingerprint | Without Charger","14,889.",Previous page
"(Refurbished) Samsung Galaxy A13 Blue, 4GB RAM, 64GB Storage with No Cost EMI/Additional Exchange Offers, (SM-A135FLBGINS)","9,651.",3.5 out of 5 stars
"Samsung Galaxy A13 Black, 6GB RAM, 128GB Storage with No Cost EMI/Additional Exchange Offers, (SM-A135FZKJINS)","14,490.",4.0 out of 5 stars
"Samsung Galaxy Z Fold5 5G AI Smartphone (Beige, 12GB RAM, 256GB Storage)","1,54,999.",4.1 out of 5 stars
"Samsung Galaxy A25 5G (Blue, 8GB, 128GB Storage) | 50 MP Main Camera | Android 14 with One UI 6.0 | 16GB Expandable RAM | Exynos 1280 | 5000 mAh Battery","26,999.",4.0 out of 5 stars
"(Refurbished) Samsung Galaxy A12 (Blue,4GB RAM, 64GB Storage)","11,048.",4.0 out of 5 stars
"(Refurbished) Samsung Galaxy S23 Ultra 5G (Green, 12GB, 256GB Storage)","79,249.",3.4 out of 5 stars
"(Refurbished) SAMSUNG Galaxy F23 5G (Aqua Blue, 6GB RAM 128GB Storage)","15,590.",3.5 out of 5 stars
"(Refurbished) Samsung Galaxy S23 5G (Green, 8GB, 256GB Storage)","56,950.",3.8 out of 5 stars
"Samsung Galaxy Z Flip3 5G (Cream, 8GB RAM, 128GB Storage) with No Cost EMI","49,999.",3.9 out of 5 stars
"Samsung Galaxy S24 5G AI Smartphone (Onyx Black, 8GB, 512GB Storage)","89,999.",3.9 out of 5 stars
"Samsung Galaxy A32 (Black 8GB RAM, 128GB Storage) with No Cost EMI/Additional Exchange Offers","17,499.",4.0 out of 5 stars
"(Refurbished) Samsung Galaxy Z Flip5 5G (Mint, 8GB RAM, 256GB Storage)","84,999.",1.9 out of 5 stars
"Samsung Galaxy A14 Light Green, 4GB RAM, 64GB Storage","11,999.",3.6 out of 5 stars
"Samsung Galaxy Z Fold5 5G AI Smartphone (Beige, 12GB RAM, 512GB Storage)","1,64,999.",4.1 out of 5 stars
"(Refurbished) Samsung Galaxy S20 FE 5G (Cloud Mint, 8GB RAM, 128GB Storage)","21,400.",3.6 out of 5 stars
"Samsung Galaxy Z Flip5 5G AI Smartphone (Cream, 8GB RAM, 512GB Storage)","1,09,999.",4.1 out of 5 stars
"(Refurbished) Samsung Galaxy M33 5G (Mystique Green, 6GB, 128GB Storage) | 6000mAh Battery | Upto 12GB RAM with RAM Plus | Travel Adapter to be Purchased Separately","14,999.",3.4 out of 5 stars
"(Refurbished) Samsung Galaxy M32 5G (Sky Blue, 8GB RAM, 128GB Storage)","16,999.",3.3 out of 5 stars
"(Refurbished) Samsung Galaxy M14 5G (Icy Silver, 6GB RAM, 128GB Storage)","12,999.",Previous page
"samsung Galaxy A35 5G (Awesome Lilac, 8GB RAM, 256GB Storage) Without Offer","30,999.",3.2 out of 5 stars
"SAMSUNG Galaxy S23 Ultra 5G (Green, 12GB RAM, 512GB Storage)","1,02,990.",4.4 out of 5 stars
"Samsung Galaxy S23 Ultra 5G AI Smartphone (Cream, 12GB, 512GB Storage)","1,19,999.",4.5 out of 5 stars
"Samsung Galaxy A12 (Blue,4GB RAM, 64GB Storage) with No Cost EMI/Additional Exchange Offers","11,990.",4.0 out of 5 stars
"Samsung Galaxy S24 Plus 5G AI Smartphone (Onyx Black, 12GB, 512GB Storage)","1,09,999.",3.5 out of 5 stars
"(Refurbished) Samsung Galaxy F13 (Waterfall blue,4GB RAM, 128GB Storage)","10,420.",5.0 out of 5 stars
"(Refurbished) Samsung Galaxy F54 5G (Stardust Silver, 256 GB) (8 GB RAM)","22,990.",2.7 out of 5 stars
"Samsung Galaxy A14 5G (Light Green, 6GB RAM, 128GB Storage) | Expandable Memory up to 1TB | Triple Rear Camera (50 MP Main) | Upto 12 GB RAM with RAM Plus | Side-Mounted Fingerprint | Without Charger","14,948.",Previous page
"Samsung Galaxy Z Flip (Black, 8GB RAM, 256GB Storage) Without Offer","40,999.",3.3 out of 5 stars
"Samsung Galaxy Z Flip5 5G AI Smartphone (Graphite, 8GB RAM, 512GB Storage)","1,09,999.",4.1 out of 5 stars
"(Refurbished) Samsung Galaxy A14 5G (Light Green, 4GB, 64GB Storage) | Triple Rear Camera (50 MP Main) | Upto 8 GB RAM with RAM Plus | Travel Adapter to be Purchased Separately","11,999.",2.7 out of 5 stars
"samsung Galaxy A55 5G (Awesome Iceblue, 12GB RAM, 256GB Storage) Without Offer","43,999.",3.3 out of 5 stars
"Samsung Galaxy A04s (Copper, 4GB RAM, 64GB Storage) Without Offer","9,489.",Previous page
"(Refurbished) Samsung Galaxy Z Flip4 5G (Bora Purple, 8GB RAM, 128GB Storage) with No Cost EMI/Additional Exchange Offers","49,999.",3.0 out of 5 stars
"(Refurbished) Samsung Galaxy F41 (Fusion Black, 6GB RAM, 128GB Storage)","10,773.",3.3 out of 5 stars
"(Refurbished) Samsung Galaxy M32 (Black, 6GB RAM, 128GB Storage)","10,999.",3.3 out of 5 stars
"samsung Galaxy A35 5G (Awesome Iceblue, 8GB RAM, 256GB Storage) Without Offer","32,999.",3.2 out of 5 stars
"Samsung Galaxy S20 (Cloud Blue, 8GB RAM, 128GB Storage) Without Offer","34,999.",3.7 out of 5 stars
"Samsung Galaxy S22 Plus 5G (Phantom Black, 8GB, 128GB Storage) with No Cost EMI/Additional Exchange Offers","59,999.",3.0 out of 5 stars
"(Refurbished) Samsung Galaxy M13 5G (Midnight Blue, 4GB, 64GB Storage) | 5000mAh Battery | Upto 8GB RAM with RAM Plus","10,999.",3.5 out of 5 stars
"(Refurbished) Samsung Galaxy A54 5G (Awesome Lime, 8GB, 256GB Storage) | 50 MP No Shake Cam (OIS) | IP67 | Gorilla Glass 5 | Voice Focus | Travel Adapter to be Purchased Separately","25,898.",2.2 out of 5 stars
"(Refurbished) Samsung Galaxy A54 5G (Awesome Violet, 8GB, 128GB Storage) | 50 MP No Shake Cam (OIS) | IP67 | Gorilla Glass 5 | Voice Focus | Travel Adapter to be Purchased Separately","30,173.",1.0 out of 5 stars
"(Refurbished) Samsung Galaxy A03 Blue, 3GB RAM, 32GB Storage","8,999.",3.3 out of 5 stars
"(Refurbished) Samsung Galaxy M53 5G (Mystique Green, 8GB, 128GB Storage) |108MP Camera |sAmoled+ 120Hz |32MP Front Camera |6nm Processor |16GB RAM with RAM Plus | Travel Adapter to be Purchased Separately","23,599.",3.3 out of 5 stars
"(Refurbished) Samsung Galaxy A13 Black, 4GB RAM, 64GB Storage with No Cost EMI/Additional Exchange Offers, (SM-A135FZKGINS)","12,316.",3.5 out of 5 stars
"(Refurbished) Samsung Galaxy F12 (Sky Blue, 64 GB) (4 GB RAM)","8,099.",3.5 out of 5 stars
"(Refurbished) Samsung Galaxy S23 5G (Green, 8GB, 128GB Storage)","54,898.",Previous page
"Samsung Galaxy A05s (Light Green, 4GB, 128GB Storage) | 50 MP Main Camera | Upto 8GB RAM with RAM Plus | Snapdragon 680 | 5000 mAh Battery","11,499.",3.8 out of 5 stars
"(Refurbished) Samsung Galaxy A12 (Black,4GB RAM, 128GB Storage) with No Cost EMI/Additional Exchange Off","9,849.",2.3 out of 5 stars
"(Refurbished) Samsung Galaxy S23 5G (Lavender, 8GB, 256GB Storage)","61,399.",3.5 out of 5 stars
"(Refurbished) Samsung Galaxy M33 5G (Deep Ocean Blue, 6GB, 128GB Storage) | 6000mAh Battery | Upto 12GB RAM with RAM Plus | Travel Adapter to be Purchased Separately","14,999.",3.4 out of 5 stars
"(Refurbished) Samsung Galaxy M53 5G (Emerald Brown, 6GB, 128GB Storage) |108MP Camera |sAmoled+ 120Hz |32MP Front Camera | 6nm Processor | 12GB RAM with RAM Plus |Travel Adapter to be Purchased Separately","19,999.",3.3 out of 5 stars
"Samsung Galaxy A25 5G (Yellow, 8GB, 256GB Storage) | 50 MP Main Camera | Android 14 with One UI 6.0 | 16GB Expandable RAM | Exynos 1280 | 5000 mAh Battery","29,999.",4.0 out of 5 stars
"Samsung Galaxy S21 Plus(Phantom Black, 8GB RAM, 128GB Storage) without Offers","49,000.",3.9 out of 5 stars
"Samsung Galaxy Z Fold3 5G (Phantom Black, 12GB RAM, 512GB Storage) with No Cost EMI/Additional Exchange Offers","99,999.",3.6 out of 5 stars
"Samsung Galaxy A03 Core (Black, 2GB RAM, 32GB Storage) with No Cost EMI/Additional Exchange Offers","7,990.",4.0 out of 5 stars
"Samsung Galaxy Z Flip3 5G (Phantom Black, 8GB RAM, 128GB Storage) with No Cost EMI/Additional Exchange Offers","51,999.",3.7 out of 5 stars
"Samsung Galaxy A33 5G (Awesome Black, 8GB, 128GB Storage) | 48 MP No Shake Cam | Voice Focus | Upto 16 GB RAM with RAM Plus | Travel Adapter to be Purchased Separately","27,999.",3.9 out of 5 stars
"Samsung Galaxy A04e (Light Blue, 3GB, 64GB Storage) | 13 MP Rear Camera | Face Unlock | Upto 7GB RAM with RAM Plus | MediaTek Helio P35 | 5000 mAh Battery","8,999.",3.9 out of 5 stars
"Samsung Galaxy S24 5G AI Smartphone (Cobalt Violet, 8GB, 512GB Storage)","89,999.",3.9 out of 5 stars
"Samsung Galaxy Z Fold4 5G (Beige, 12GB RAM, 512GB Storage) with No Cost EMI/Additional Exchange Offers","99,999.",2.1 out of 5 stars
"Samsung Galaxy A04s (Awesome Black, 4GB, 128GB Storage) | 50 MP Rear Camera | Face Unlock | Upto 8GB RAM with RAM Plus |Exynos 850 | 5000 mAh Battery","11,999.",2.9 out of 5 stars
"(Refurbished) Samsung Galaxy S22 5G (Phantom Black, 8GB, 128GB Storage) with No Cost EMI/Additional Exchange Offers","87,999.",4.2 out of 5 stars
"(Refurbished) Samsung Galaxy A54 5G (Awesome Graphite, 8GB, 256GB Storage) | 50 MP No Shake Cam (OIS) | IP67 | Gorilla Glass 5 | Voice Focus | Without Charger","26,300.",3.7 out of 5 stars
"Samsung Galaxy A04e (Light Blue, 4GB, 128GB Storage) | 13 MP Rear Camera | Face Unlock | Upto 8GB RAM with RAM Plus | MediaTek Helio P35 | 5000 mAh Battery","10,499.",3.9 out of 5 stars
"Samsung Galaxy A25 5G (Yellow, 8GB, 128GB Storage) | 50 MP Main Camera | Android 14 with One UI 6.0 | 16GB Expandable RAM | Exynos 1280 | 5000 mAh Battery","26,999.",4.0 out of 5 stars
"(Refurbished) Samsung Galaxy A30s (Prism Crush White, 4GB RAM, 64GB Storage)","7,999.",3.6 out of 5 stars
"(Refurbished) Samsung Galaxy M21 (Midnight Blue, 4GB RAM, 64GB Storage)","8,844.",2.9 out of 5 stars
"(Refurbished) Samsung Galaxy F41 (Fusion Black, 6GB RAM, 64GB Storage)","10,490.",3.6 out of 5 stars
"Samsung Galaxy A04 (Green, 4GB, 64GB Storage) | 50 MP Rear Camera | Face Unlock | Upto 8GB RAM with RAM Plus | MediaTek Helio P35 | 5000 mAh Battery","10,999.",3.9 out of 5 stars
"Samsung Galaxy A34 5G (Awesome Silver, 6GB, 128GB Storage) | 48 MP No Shake Cam (OIS) | IP67 | Gorilla Glass 5 | Voice Focus | Travel Adapter to be Purchased Separately","22,990.",4.1 out of 5 stars
"(Refurbished) Samsung Galaxy A34 5G (Awesome Violet, 8GB, 256GB Storage) | 48 MP No Shake Cam (OIS) | IP67 | Gorilla Glass 5 | Voice Focus | Travel Adapter to be Purchased Separately","22,523.",5.0 out of 5 stars
"Samsung Galaxy A04s (Awesome Copper, 4GB, 128 GB Storage) | 50 MP Rear Camera | Face Unlock | Upto 8GB RAM with RAM Plus |Exynos 850 | 5000 mAh Battery","11,999.",3.6 out of 5 stars
"Samsung Galaxy Z Flip4 5G (Light Blue, 8GB RAM, 128GB Storage)","49,999.",3.3 out of 5 stars
"(Refurbished) Samsung Galaxy M12 (Blue,4GB RAM, 64GB Storage) 6000 mAh with 8nm Processor | True 48 MP Quad Camera","11,999.",3.4 out of 5 stars
"Samsung Galaxy S24 5G AI Smartphone (Amber Yellow, 8GB, 512GB Storage)","89,999.",3.9 out of 5 stars
"Samsung Galaxy Note 8 (Midnight Black, 6GB RAM, 64GB Storage)","28,999.",4.2 out of 5 stars
"(Refurbished) Samsung Galaxy A04e (Light Blue, 4GB, 128GB Storage) | 13 MP Rear Camera | Face Unlock | Upto 8GB RAM with RAM Plus | MediaTek Helio P35 | 5000 mAh Battery","8,999.",4.0 out of 5 stars
"samsung Galaxy A35 5G (Awesome Navy, 8GB RAM, 256GB Storage) Without Offer","32,940.",3.2 out of 5 stars
"Samsung Galaxy F41 (Fusion Blue, 6GB RAM, 128GB Storage)","17,989.",3.8 out of 5 stars
(Refurbished) SAMSUNG Galaxy S23 FE 5G (Purple 128 GB Storage) (8 GB RAM),"50,249.",Previous page
"(Refurbished) Samsung Galaxy M52 5G (ICY Blue, 6GB RAM, 128GB Storage) Latest Snapdragon 778G 5G | sAMOLED 120Hz Display","19,998.",3.4 out of 5 stars
"(Refurbished) Samsung Galaxy M12 (Blue,6GB RAM, 128GB Storage) 6000 mAh with 8nm Processor | True 48 MP Quad Camera","9,999.",3.6 out of 5 stars
"(Refurbished) Samsung Galaxy A22 5G (Violet, 6GB RAM, 128GB Storage) with No Cost EMI/Additional Exchang","14,634.",3.6 out of 5 stars
"(Refurbished) Samsung Galaxy S21 Ultra(Phantom Black, 12GB RAM, 256GB Storage) without Offers","52,270.",3.2 out of 5 stars
"(Refurbished) Samsung Galaxy S23 5G (Cream, 8GB, 256GB Storage)","52,349.",4.2 out of 5 stars
"(Refurbished) Samsung Galaxy M33 5G (Emerald Brown, 8GB, 128GB Storage) | 6000mAh Battery | 16GB RAM with RAM Plus | Travel Adapter to be Purchased Separately","15,999.",3.4 out of 5 stars
"Samsung Galaxy A54 5G (Awesome White, 8GB, 256GB Storage)","34,990.",4.3 out of 5 stars
"(Refurbished) Samsung Galaxy A23 5G (Light Blue, 6GB, 128GB Storage) | 50 MP No Shake Cam(OIS) | Upto 12 GB RAM with RAM Plus","19,409.",4.2 out of 5 stars
"(Refurbished) Samsung Galaxy S22 Ultra 5G (Burgundy, 12GB, 256GB Storage) with No Cost EMI/Additional Ex","73,899.",3.8 out of 5 stars
"(Refurbished) Samsung Galaxy F54 5G (Meteor Blue, 256 GB) (8 GB RAM)","22,990.",4.0 out of 5 stars
"(Refurbished) Samsung Galaxy A34 5G (Awesome Graphite, 8GB, 256GB Storage) | 48 MP No Shake Cam (OIS) |","22,523.",3.0 out of 5 stars
"(Refurbished) Samsung Galaxy M12 (Black,6GB RAM, 128GB Storage) 6000 mAh with 8nm Processor | True 48 MP","9,999.",3.5 out of 5 stars
"(Refurbished) Samsung Galaxy F23 5G (Forest Green, 6GB, 128GB Storage) | Travel Adapter to be Purchased Separately","15,280.",3.1 out of 5 stars
"Samsung Galaxy A14 5G (Black, 4GB, 128GB Storage) | Triple Rear Camera (50 MP Main) | Upto 8 GB RAM with RAM Plus | Without Charger","13,990.",Previous page
"(Refurbished) Samsung Galaxy A53 Orange, 8GB RAM, 128GB Storage","25,626.",3.1 out of 5 stars
"(Refurbished) Samsung Galaxy M13 5G (Aqua Green, 4GB, 64GB Storage) | 5000mAh Battery | Upto 8GB RAM with RAM Plus","10,999.",3.5 out of 5 stars
"(Refurbished) Samsung Galaxy M13 (Midnight Blue,6GB RAM,128GB Storage)","11,599.",3.5 out of 5 stars
"(Refurbished) Samsung Galaxy M13 (Aqua Green, 4GB, 64GB Storage) | 5000mAh Battery | Upto 8GB RAM with RAM Plus Screenshot attached","9,999.",3.5 out of 5 stars
"(Refurbished) Samsung Galaxy S23 Ultra 5G (Phantom Black, 12GB, 256GB Storage)","79,299.",3.6 out of 5 stars
"(Refurbished) Samsung Galaxy A34 5G (Awesome Graphite, 8GB, 128GB Storage) | 48 MP No Shake Cam (OIS) | IP67 | Gorilla Glass 5 | Voice Focus | Travel Adapter to be Purchased Separately","20,599.",3.6 out of 5 stars
"(Refurbished) Samsung Galaxy F23 5G (Copper Blush,6GB RAM, 128GB Storage)","15,999.",3.6 out of 5 stars
"(Refurbished) Samsung Galaxy A34 5G (Awesome Silver, 8GB, 128GB Storage) | 48 MP No Shake Cam (OIS) | IP","20,823.",4.5 out of 5 stars
"(Refurbished) Samsung Galaxy A14 5G (Light Green, 6GB, 128GB Storage) | Triple Rear Camera (50 MP Main) | Upto 12 GB RAM with RAM Plus | Travel Adapter to be Purchased Separately","13,799.",3.2 out of 5 stars
"(Refurbished) Samsung Galaxy S23 5G (Phantom Black, 8GB, 256GB Storage)","61,399.",3.0 out of 5 stars
"(Refurbished) Samsung Galaxy M33 5G (Emerald Brown, 6GB, 128GB Storage) | 6000mAh Battery | Upto 12GB RAM with RAM Plus | Travel Adapter to be Purchased Separately","16,999.",3.4 out of 5 stars
"(Refurbished) Samsung Galaxy A22 (Black, 6GB RAM, 128GB Storage) with No Cost EMI/Additional Exchange Offers","11,999.",3.6 out of 5 stars
"(Refurbished) SAMSUNG Galaxy F23 5G (Forest Green, 4GB RAM 128GB Storage)","13,999.",3.7 out of 5 stars
"(Refurbished) Samsung Galaxy M21 2021 Edition - Arctic Blue, 4GB RAM, 64GB Storage - FHD+ sAMOLED","9,999.",3.6 out of 5 stars
"(Renewed) Samsung Galaxy F41 (Fusion Green, 6GB RAM, 128GB Storage)","12,900.",3.3 out of 5 stars
"(Refurbished) Samsung Galaxy Z Flip3 5G (Phantom Black, 8GB RAM, 128GB Storage) with No Cost EMI/Additional Exchange Offers",Price not available,2.8 out of 5 stars
"(Refurbished) Samsung Galaxy A14 5G (Black, 4GB, 64GB Storage) | Triple Rear Camera (50 MP Main) | Upto 8 GB RAM with RAM Plus | Travel Adapter to be Purchased Separately","10,999.",3.8 out of 5 stars
"Samsung Galaxy A04s (Awesome Green, 4GB, 128 GB Storage) | 50 MP Rear Camera | Face Unlock | Upto 8GB RAM with RAM Plus |Exynos 850  | 5000 mAh Battery","11,999.",3.9 out of 5 stars
"(Refurbished) Samsung Galaxy S22 5G (Bora Purple, 8GB, 128GB Storage)","42,980.",4.6 out of 5 stars
"(Refurbished) Samsung Galaxy S22 5G (Green, 8GB, 128GB Storage) Without Offer","44,999.",4.2 out of 5 stars
"SAMSUNG Galaxy S23 Ultra 5G (Cream, 12GB RAM, 512GB Storage)","1,22,999.",4.2 out of 5 stars
"Samsung Galaxy A03 Black, 3GB RAM, 32GB Storage with No Cost EMI/Additional Exchange Offers","9,999.",3.9 out of 5 stars
"(Refurbished) Samsung Galaxy M42 5G (Prism Dot Gray, 6GB RAM, 128GB Storage) 6 Months Free Screen Replac","16,999.",4.3 out of 5 stars
"(Refurbished) Samsung Galaxy S20 FE (Cloud Mint, 8GB RAM, 128GB Storage)","20,625.",2.6 out of 5 stars
"(Refurbished) Samsung Galaxy F22 (Denim Blue, 6GB RAM, 128GB Storage)","9,990.",3.1 out of 5 stars
"(Refurbished) SAMSUNG Galaxy F13 (Sunrise Copper, 4GB RAM 64GB Storage)","11,048.",3.3 out of 5 stars
"(Refurbished) Samsung Galaxy M12 (White,4GB RAM, 64GB Storage) 6000 mAh with 8nm Processor | True 48 MP","9,399.",3.6 out of 5 stars
"(Refurbished) Samsung Galaxy A54 5G (Awesome Violet, 8GB, 256GB Storage) | 50 MP No Shake Cam (OIS) | IP67 | Gorilla Glass 5 | Voice Focus | Travel Adapter to be Purchased Separately","30,173.",3.5 out of 5 stars
"(Refurbished) Samsung Galaxy M32 5G (Sky Blue, 6GB RAM, 128GB Storage)","15,999.",3.3 out of 5 stars
"(Refurbished) Samsung Galaxy S22 Plus 5G (Green, 8GB, 128GB Storage) Without Offer","44,999.",4.7 out of 5 stars
"(Refurbished) Samsung Galaxy A14 5G (Light Green, 8GB, 128GB Storage) | Triple Rear Camera (50 MP Main) | Upto 16 GB RAM with RAM Plus | Travel Adapter to be Purchased Separately","15,298.",2.0 out of 5 stars
"(Refurbished) Samsung Galaxy S23 Ultra 5G (Cream, 12GB, 256GB Storage)","95,999.",4.0 out of 5 stars
(Refurbished) Samsung F41 Fusion Blue 6+128GB,"12,300.",3.4 out of 5 stars
"(Refurbished) Samsung Galaxy A34 5G (Awesome Lime, 8GB, 128GB Storage) | 48 MP No Shake Cam (OIS) | IP67 | Gorilla Glass 5 | Voice Focus | Travel Adapter to be Purchased Separately","20,823.",3.3 out of 5 stars
"(Refurbished) Samsung Galaxy M52 5G (ICY Blue, 8GB RAM, 128GB Storage) Latest Snapdragon 778G 5G | sAMOLED 120Hz Display","20,999.",3.4 out of 5 stars
"(Refurbished) Samsung Galaxy F14 5G (Goat Green, 6GB RAM 128GB Storage)","13,349.",5.0 out of 5 stars
"(Refurbished) Samsung Galaxy M52 5G (Blazing Black, 6GB RAM, 128GB Storage) Latest Snapdragon 778G 5G | sAMOLED 120Hz Display","19,999.",3.4 out of 5 stars
"(Renewed) Samsung Galaxy F41 (Fusion Blue, 6GB RAM, 64GB Storage)","9,999.",3.2 out of 5 stars
"(Refurbished) Samsung Galaxy A23 5G (Light Blue, 8GB, 128GB Storage) | 50 MP No Shake Cam(OIS) | Upto 16 GB RAM with RAM Plus","19,549.",2.3 out of 5 stars
"(Refurbished) Samsung Galaxy A12 (White, 4GB RAM, 64GB Storage) with No Cost EMI/Additional Exchange Off","8,999.",3.6 out of 5 stars
"(Refurbished) Samsung Galaxy S22 5G (Green, 8GB, 128GB Storage) with No Cost EMI/Additional Exchange Offers","37,299.",4.2 out of 5 stars
"(Refurbished) Samsung Galaxy M53 5G (Deep Ocean Blue, 8GB, 128GB Storage) |108MP Camera |sAmoled+ 120Hz |32MP Front Camera |6nm Processor |16GB RAM with RAM Plus |Travel Adapter to be Purchased Separately","23,999.",3.3 out of 5 stars
"(Refurbished) Samsung Galaxy S23 5G (Lavender, 8GB, 128GB Storage)","55,249.",Previous page
"(Refurbished) Samsung Galaxy F12 (Sky Blue, 128 GB) (4 GB RAM)","8,999.",4.1 out of 5 stars
"(Refurbished) Samsung Galaxy S10 (Black, 8GB RAM, 128GB Storage)","21,984.",3.2 out of 5 stars
"(Refurbished) Samsung Galaxy A14 5G (Black, 8GB, 128GB Storage) | Triple Rear Camera (50 MP Main) | Upto 16 GB RAM with RAM Plus | Travel Adapter to be Purchased Separately","15,400.",4.5 out of 5 stars
"(Refurbished) Samsung Galaxy S22 Ultra 5G (Burgundy, 12GB, 512GB Storage) with No Cost EMI/Additional Exchange Offers","78,499.",3.8 out of 5 stars
"(Refurbished) Samsung Galaxy Z Flip5 5G (Cream, 8GB RAM, 256GB Storage)","78,999.",1.9 out of 5 stars
"(Refurbished) Samsung Galaxy A14 5G (Dark Red, 8GB, 128GB Storage) | Triple Rear Camera (50 MP Main) | Upto 16 GB RAM with RAM Plus | Travel Adapter to be Purchased Separately","14,999.",3.5 out of 5 stars
"Samsung Galaxy A14 5G (Dark Red, 4GB, 128GB Storage) | Triple Rear Camera (50 MP Main) | Upto 8 GB RAM with RAM Plus | Without Charger","15,499.",Previous page
"(Refurbished) Samsung Galaxy F41 (Fusion Green, 6GB RAM, 64GB Storage)","10,450.",3.7 out of 5 stars
"(Refurbished) Samsung Galaxy M12 (White,6GB RAM, 128GB Storage) 6000 mAh with 8nm Processor | True 48 MP","9,999.",3.8 out of 5 stars
"(Refurbished) Samsung Galaxy S23 5G (Cream, 8GB, 128GB Storage)","52,399.",Previous page
"(Refurbished) Samsung Galaxy A22 5G (Mint, 6GB RAM, 128GB Storage) Without Offer","15,714.",3.6 out of 5 stars
"Samsung (Renewed) Galaxy F41 (Fusion Green, 6GB RAM, 64GB Storage)","10,150.",3.3 out of 5 stars
"(Refurbished) Samsung Galaxy A34 5G (Awesome Lime, 8GB, 256GB Storage) | 48 MP No Shake Cam (OIS) | IP67","22,523.",5.0 out of 5 stars
"(Refurbished) Samsung Galaxy A23 5G, Silver (6GB, 128GB Storage) with Offer","14,533.",1.0 out of 5 stars
"(Refurbished) Samsung Galaxy A52 (Black, 6GB RAM, 128GB Storage) with No Cost EMI/Additional Exchange Offers","19,504.",3.6 out of 5 stars
"(Refurbished) Samsung Galaxy M13 5G (Midnight Blue, 6GB, 128GB Storage) | 5000mAh Battery | Upto 12GB RAM with RAM Plus","12,999.",3.5 out of 5 stars
"(Refurbished) Samsung Galaxy A54 5G (Awesome Graphite, 8GB, 128GB Storage) | 50 MP No Shake Cam (OIS) | IP67 | Gorilla Glass 5 | Voice Focus | Travel Adapter to be Purchased Separately","27,154.",3.4 out of 5 stars
"(Refurbished) Samsung Galaxy M32 (Light Blue, 6GB RAM, 128GB Storage)","11,399.",3.8 out of 5 stars
"(Refurbished) Samsung Galaxy S22 Plus 5G (Phantom Black, 8GB, 128GB Storage) with No Cost EMI/Additional Exchange Offers","48,999.",3.9 out of 5 stars
"(Refurbished) Samsung Galaxy A72 (Black, 8GB RAM, 128GB Storage)","22,854.",3.1 out of 5 stars
"(Refurbished) Samsung Galaxy A12 (Black, 6GB RAM, 128GB Storage)","11,114.",3.4 out of 5 stars
"(Refurbished) Samsung Galaxy M13 5G (Aqua Green, 6GB, 128GB Storage) | 5000mAh Battery | Upto 12GB RAM with RAM Plus","12,999.",3.5 out of 5 stars
"(Refurbished) Samsung Galaxy A13 Peach, 4GB RAM, 64GB Storage (SM-A135FZOGINS)","9,651.",3.5 out of 5 stars
"(Refurbished) Samsung Galaxy M52 5G (Blazing Black, 8GB RAM, 128GB Storage) Latest Snapdragon 778G 5G |","19,999.",3.4 out of 5 stars
"(Refurbished) Samsung Galaxy M32 5G (Slate Black, 8GB RAM, 128GB Storage)","16,999.",3.3 out of 5 stars
"(Refurbished) Samsung Galaxy M42 5G (Prism Dot Black, 6GB RAM, 128GB Storage) 6 Months Free Screen Replacement for Prime","16,999.",3.2 out of 5 stars
"Samsung Galaxy F02s (Diamond Black, 3GB RAM, 32GB Storage)","8,990.",3.7 out of 5 stars
"(Refurbished) Samsung Galaxy M32 - Black, 4GB RAM, 64GB Storage","10,999.",2.9 out of 5 stars
"(Refurbished) Samsung Galaxy A03s (Blue, 4GB RAM, 64GB Storage) with No Cost EMI/Additional Exchange Off","9,033.",4.0 out of 5 stars
"(Refurbished) Samsung Galaxy A10s (Black, 3GB RAM, 32GB Storage)",Price not available,3.8 out of 5 stars
"(Refurbished) Samsung Galaxy S23 FE 5G (Mint, 8GB, 128GB Storage)","49,998.",1.0 out of 5 stars
"(Refurbished) Samsung Galaxy S23 Ultra 5G (Green, 12GB, 512GB Storage)","99,999.",5.0 out of 5 stars
"(Refurbished) Samsung Galaxy M02 (Black,2GB RAM, 32GB Storage)","7,999.",4.7 out of 5 stars
"(Refurbished) Samsung Galaxy A23 5G, Silver (8GB, 128GB Storage) with Offer","19,549.",3.0 out of 5 stars
"(Refurbished) Samsung Galaxy M13 5G (Stardust Brown, 6GB, 128GB Storage) | 5000mAh Battery | Upto 12GB R","12,999.",3.5 out of 5 stars
"(Refurbished) Samsung Galaxy A05s (Black, 4GB, 128GB Storage) | 50 MP Main Camera | Upto 8GB RAM with RAM Plus | Snapdragon 680 | 5000 mAh Battery","12,999.",5.0 out of 5 stars
"(Refurbished) Samsung Galaxy A23 5G, Orange (6GB, 128GB Storage) with Offer","17,848.",3.8 out of 5 stars
"(Refurbished) Samsung Galaxy S22 5G (Green, 8GB, 256GB Storage) Without Offer","42,999.",4.2 out of 5 stars
"(Refurbished) Samsung Galaxy A72 (Blue, 8GB RAM, 128GB Storage) with No Cost EMI/Additional Exchange Off","21,854.",Previous page
"(Refurbished) Samsung Galaxy A03 Black, 3GB RAM, 32GB Storage with No Cost EMI/Additional Exchange Offer","8,684.",3.3 out of 5 stars
"(Refurbished) SAMSUNG Galaxy F42 5G (Matte Aqua, 128 GB) (8 GB RAM) 5000 Mah Battery 64MP + 5MP + 2MP Camera 90Hz Refresh Rate","16,299.",2.8 out of 5 stars
"(Refurbished) Samsung Galaxy A12 (Blue,4GB RAM, 128GB Storage) Without Offers","9,809.",1.0 out of 5 stars
"(Refurbished) Samsung Galaxy S10 Lite (Prism Blue, 8GB RAM, 128GB Storage)","18,699.",3.4 out of 5 stars
"(Refurbished) Samsung Galaxy M11 (Violet, 4GB RAM, 64GB Storage) Without Offer","7,108.",1.7 out of 5 stars
"(Refurbished) Samsung Galaxy Z Flip5 5G (Graphite, 8GB RAM, 256GB Storage)","69,688.",1.9 out of 5 stars
"(Refurbished) Samsung Galaxy S23 Ultra 5G (Phantom Black, 12GB, 512GB Storage)","99,999.",5.0 out of 5 stars
"(Refurbished) Samsung Galaxy M53 5G (Emerald Brown, 8GB, 128GB Storage) | 108MP Camera | sAmoled+ 120Hz | 32MP Front Camera | 6nm Processor | 16GB RAM with RAM Plus | Travel Adapter to be Purchased Separately","19,999.",3.3 out of 5 stars
"(Refurbished) Samsung Galaxy A03s (Blue, 3GB RAM, 32GB Storage)ff","8,844.",5.0 out of 5 stars
"(Refurbished) Samsung Galaxy M31s (Mirage Blue, 8GB RAM, 128GB Storage)","10,999.",1.0 out of 5 stars
"(Refurbished) Samsung Galaxy A12 (Blue, 6GB RAM, 128GB Storage, MT 6765 Processor) with No Cost EMI/Addi","10,363.",5.0 out of 5 stars
"(Refurbished) Samsung Galaxy A54 5G (Awesome White, 8GB, 256GB Storage) | 50 MP No Shake Cam (OIS) | IP67 | Gorilla Glass 5 | Voice Focus | Without Charger","32,999.",Previous page
"(Refurbished) Samsung Galaxy A54 5G (Awesome Lime, 8GB, 128GB Storage) | 50 MP No Shake Cam (OIS) | IP67 | Gorilla Glass 5 | Voice Focus | Travel Adapter to be Purchased Separately","27,998.",Previous page
"(Refurbished) Samsung Galaxy A04e (Copper, 3GB, 64GB Storage) | 13 MP Rear Camera| Face Unlock | Upto 7G","7,648.",Previous page
"(Refurbished) Samsung Galaxy A03s (Black, 4GB RAM, 64GB Storage)","9,033.",1.0 out of 5 stars
"(Refurbished) Samsung Galaxy A12 (Black,4GB RAM, 64GB Storage)","9,033.",3.0 out of 5 stars
"(Refurbished) Samsung A32 (White, 6GB RAM, 128GB Storage)ffers","18,999.",Previous page
"(Refurbished) Samsung Galaxy A14 Silver, 4GB RAM, 64GB Storage","10,199.",5.0 out of 5 stars
"(Refurbished) Samsung Galaxy S23 Plus 5G (Phantom Black, 8GB, 256GB Storage)","74,490.",4.0 out of 5 stars
(Refurbished) SAMSUNG F34 5G (Storage 128GB) (6GB RAM) (Mystic Green),"14,999.",Previous page
"Samsung Galaxy S23 5G (Cream, 8GB, 256GB Storage) & Galaxy Watch4 Classic LTE (4.6cm, Black)","80,998.",4.5 out of 5 stars
"Samsung Galaxy S20 FE 5G (Cloud Mint, 8GB RAM, 128GB Storage) & Galaxy Buds2 Pro, Bluetooth Truly Wireless in Ear Earbuds with Noise Cancellation (Graphite, with Mic)","45,989.",Previous page
"(Refurbished) Samsung Galaxy A04s (Awesome Copper, 4GB, 64GB Storage) | 50 MP Rear Camera | Face Unlock","9,299.",Previous page
"(Refurbished) Samsung Galaxy Z Flip5 5G (Graphite, 8GB RAM, 512GB Storage)","84,998.",1.9 out of 5 stars
"Samsung Galaxy M15 5G (Stone Grey,4GB RAM,128GB Storage)| 50MP Triple Cam| 6000mAh Battery| MediaTek Dimensity 6100+ | 4 Gen. OS Upgrade & 5 Year Security Update| Super AMOLED Display| Without Charger",XX999,Previous page
"Samsung Galaxy M15 5G (Blue Topaz,4GB RAM,128GB Storage)| 50MP Triple Cam| 6000mAh Battery| MediaTek Dimensity 6100+ | 4 Gen. OS Upgrade & 5 Year Security Update| Super AMOLED Display| Without Charger",XX999,Previous page of related Sponsored Products
"Samsung Galaxy M15 5G (Celestial Blue,6GB RAM,128GB Storage)| 50MP Triple Cam| 6000mAh Battery| MediaTek Dimensity 6100+|4 Gen. OS Upgrade & 5 Year Security Update|Super AMOLED Display|Without Charger",XX999,Previous page
"Samsung Galaxy M15 5G (Blue Topaz,6GB RAM,128GB Storage)| 50MP Triple Cam| 6000mAh Battery| MediaTek Dimensity 6100+ | 4 Gen. OS Upgrade & 5 Year Security Update| Super AMOLED Display| Without Charger",XX999,Previous page
"Samsung Galaxy M15 5G (Stone Grey,6GB RAM,128GB Storage)| 50MP Triple Cam| 6000mAh Battery| MediaTek Dimensity 6100+ | 4 Gen. OS Upgrade & 5 Year Security Update| Super AMOLED Display| Without Charger",XX999,Previous page
"Samsung Galaxy M15 5G (Celestial Blue,4GB RAM,128GB Storage)| 50MP Triple Cam| 6000mAh Battery| MediaTek Dimensity 6100+|4 Gen. OS Upgrade & 5 Year Security Update|Super AMOLED Display|Without Charger",XX999,Previous page
"(Refurbished) Samsung Galaxy A04s (Green, 4GB RAM, 64GB Storage)","8,939.",Previous page
"samsung Galaxy A55 5G (Awesome Iceblue, 12GB RAM, 256GB Storage) Without Offer","46,999.",Previous page
"(Refurbished) Ssmsung Galaxy F34 5G (Electric Black, 8 GB RAM, 128 GB Storage) | 50 MP No Shake Camera | Auto Night Mode | 120 Hz AMOLED Display | 4K Videos | 6000 mAh Large Battery | Dolby Atmos | Gorilla Glass 5",Price not available,Previous page of related Sponsored Products
"(Refurbished) Samsung Galaxy S23 FE 5G (Graphite, 8GB, 128GB Storage)","49,989.",Previous page
"Samsung Galaxy A14 5G (Light Green, 4GB, 128GB Storage) | Triple Rear Camera (50 MP Main) | Upto 8 GB RAM with RAM Plus | Without Charger","15,499.",Previous page
"(Refurbished) Samsung Galaxy Z Flip4 5G (Light Blue, 8GB RAM, 128GB Storage)","46,899.",Previous page
"(Refurbished) Samsung Galaxy A04 (Green, 4GB, 64GB Storage) | 50 MP Rear Camera | Face Unlock | Upto 8GB RAM with RAM Plus | MediaTek Helio P35 | 5000 mAh Battery","8,413.",Previous page
"(Refurbished) Samsung Galaxy A34 5G (Awesome Silver, 8GB, 128GB Storage) Without Offer","19,549.",4.2 out of 5 stars.
"(Refurbished) Samsung Galaxy Z Flip4 5G (Graphite, 8GB RAM, 256GB Storage)","59,498.",3.0 out of 5 stars
"(Refurbished) Samsung Galaxy S23 Ultra 5G (Cream, 12GB, 256GB Storage)","52,349.",Previous page of related Sponsored Products
"(Refurbished) Samsung Galaxy A04 (Copper, 4GB, 64GB Storage) | 50 MP Rear Camera | Face Unlock | Upto 8G","10,198.",Previous page
"(Refurbished) Samsung Galaxy A03s (White, 4GB RAM, 64GB Storage) with No Cost EMI/Additional Exchange Offers","9,034.",1.0 out of 5 stars
